{
    "keyboard_name": "travaulta",
    "manufacturer": "calvin-mcd",
    "url": "https://github.com/calvin-mcd",
    "maintainer": "calvin-mcd",
    "processor": "STM32FXXX",
    "bootloader": "stm32-dfu",
    "board": "GENERIC_STM_FXXX",
    "usb": {
        "vid": "0x6369",
        "pid": "0x6B84",
        "device_version": "0.0.1"
    },
    "layouts": {
        "LAYOUT": {
            "layout": [
                { "matrix": [0, 0], "x": 0.0, "y": 0.0 },
                { "matrix": [0, 1], "x": 1.0, "y": 0.0 },
                { "matrix": [0, 2], "x": 2.0, "y": 0.0 },
                { "matrix": [0, 3], "x": 3.0, "y": 0.0 },
                { "matrix": [0, 4], "x": 4.0, "y": 0.0 },
                { "matrix": [0, 5], "x": 5.0, "y": 0.0 },
                { "matrix": [0, 6], "x": 6.0, "y": 0.0 },
                { "matrix": [0, 7], "x": 7.0, "y": 0.0 },
                { "matrix": [0, 8], "x": 8.0, "y": 0.0 },
                { "matrix": [0, 9], "x": 9.0, "y": 0.0 },
                { "matrix": [0, 10], "x": 10.0, "y": 0.0 },
                { "matrix": [1, 0], "w": 1.25, "x": 0.0, "y": 1.0 },
                { "matrix": [1, 1], "x": 1.25, "y": 1.0 },
                { "matrix": [1, 2], "x": 2.25, "y": 1.0 },
                { "matrix": [1, 3], "x": 3.25, "y": 1.0 },
                { "matrix": [1, 4], "x": 4.25, "y": 1.0 },
                { "matrix": [1, 5], "x": 5.25, "y": 1.0 },
                { "matrix": [1, 6], "x": 6.25, "y": 1.0 },
                { "matrix": [1, 7], "x": 7.25, "y": 1.0 },
                { "matrix": [1, 8], "x": 8.25, "y": 1.0 },
                { "matrix": [1, 9], "w": 1.75, "x": 9.25, "y": 1.0 },
                { "matrix": [2, 0], "w": 1.75, "x": 0.0, "y": 2.0 },
                { "matrix": [2, 1], "x": 1.75, "y": 2.0 },
                { "matrix": [2, 2], "x": 2.75, "y": 2.0 },
                { "matrix": [2, 3], "x": 3.75, "y": 2.0 },
                { "matrix": [2, 4], "x": 4.75, "y": 2.0 },
                { "matrix": [2, 5], "x": 5.75, "y": 2.0 },
                { "matrix": [2, 6], "x": 6.75, "y": 2.0 },
                { "matrix": [2, 7], "x": 7.75, "y": 2.0 },
                { "matrix": [2, 8], "x": 8.75, "y": 2.0 },
                { "matrix": [2, 9], "w": 1.25, "x": 9.75, "y": 2.0 },
                { "matrix": [3, 1], "x": 1.5, "y": 3.0 },
                { "matrix": [3, 2], "w": 1.25, "x": 2.5, "y": 3.0 },
                { "matrix": [3, 3], "w": 1.75, "x": 3.75, "y": 3.0 },
                { "matrix": [3, 5], "w": 1.75, "x": 5.5, "y": 3.0 },
                { "matrix": [3, 7], "w": 1.25, "x": 7.25, "y": 3.0 },
                { "matrix": [3, 8], "x": 8.5, "y": 3.0 }
            ]
        }
    }
}